model_b,metric,general_proxy,layer,baseline_accuracy,intervention_accuracy,tool_damage_probability,baseline_perplexity_arithmetic_mean,intervention_perplexity_arithmetic_mean,perplexity_relative_damage,perplexity_log_ratio,predicted_tool_damage_probability,residual_probability,residual_pointwise_95_low,residual_pointwise_95_high,residual_simultaneous_95_low,residual_simultaneous_95_high,residual_bootstrap_se,leverage,leave_one_layer_out_residual,isotonic_log_residual,damage_rank_descending_average_ties,residual_rank_descending_average_ties,equal_damage_layers,intervention_complete_failure,baseline_at_ceiling,point_residual_at_least_10pp,simultaneous_low_above_zero,simultaneous_low_above_10pp,raw_log_and_loo_point_material,isotonic_point_material
0.6,tool_selection,log_ratio,0,0.8,0.0,0.8,31.42442855834961,2544088.5,80957.94234881876,11.301697420562673,0.8991928600726307,-0.09919286007263062,-0.11944099400973976,-0.08163648156790979,-0.13469015853652125,-0.06369556160873999,0.00979356666001343,0.5899610502101643,-0.2419108236509524,0.0,6.0,20.0,11,True,False,False,False,False,False,False
0.6,tool_selection,log_ratio,1,0.8,0.0,0.8,31.42442855834961,136084.40146484374,4329.529072697665,8.373445001222219,0.7870849173647881,0.012915082635211905,-0.015320043374676004,0.05095095213904714,-0.058129544558395696,0.0839597098288195,0.019600936475889185,0.31830413158676035,0.01894551989184534,0.0,6.0,17.0,11,True,False,False,False,False,False,False
0.6,tool_selection,log_ratio,2,0.8,0.0,0.8,31.42442855834961,3155.0063720703124,99.39980094505214,4.6091602246366605,0.6429695332940022,0.15703046670599785,0.13640051504907788,0.19738632099171652,0.10353333085491032,0.21052760255708539,0.014759651825627855,0.1022401292202529,0.17491366212393678,0.0,6.0,12.0,11,True,False,True,True,True,True,False
0.6,tool_selection,log_ratio,3,0.8,0.2,0.6000000000000001,31.42442855834961,41.99105682373047,0.3362552240452199,0.28987109283139917,0.4776058456116076,0.12239415438839246,-0.06492910179129154,0.2779920041044246,-0.19308635977005406,0.437874668546839,0.08703984751090314,0.03886024681797559,0.12734272407647768,0.13,15.5,13.0,2,False,False,True,False,False,True,True
0.6,tool_selection,log_ratio,4,0.8,0.05,0.75,31.42442855834961,46.50095825195312,0.47977100571961273,0.39188734993961566,0.4815115310066298,0.2684884689933702,0.17105111622745126,0.33380462344789336,0.11294849654923689,0.4240284414375035,0.04291287377764335,0.038083271184247536,0.27911820321902003,0.06666666666666676,12.5,10.0,2,False,False,True,True,True,True,False
0.6,tool_selection,log_ratio,5,0.8,0.5,0.30000000000000004,31.42442855834961,41.02241401672363,0.30543070785049453,0.2665330306518886,0.47671234950435537,-0.17671234950435533,-0.3860280809642766,0.027060607373405134,-0.5610193752561495,0.20759467624743888,0.10602881451500677,0.039053456546824836,-0.1838940477056476,-0.17000000000000004,21.5,22.0,2,False,False,False,False,False,False,False
0.6,tool_selection,log_ratio,6,0.8,0.0,0.8,31.42442855834961,41.64138641357422,0.3251278805676139,0.2815089684169792,0.4772857022528671,0.32271429774713295,0.2855791191233766,0.3613974894503502,0.25232386575841365,0.39310472973585225,0.01942044656186792,0.03892881277342104,0.33578605002029976,0.32999999999999996,6.0,6.0,11,True,False,True,True,True,True,True
0.6,tool_selection,log_ratio,7,0.8,0.95,-0.1499999999999999,31.42442855834961,33.90263023376465,0.07886226700394738,0.07590702938302,0.46941424614150085,-0.6194142461415008,-0.6940132529718872,-0.5064603685371325,-0.7964026445364346,-0.4424258477465669,0.04883041112249808,0.040847174766881725,-0.6457930684726436,-0.38999999999999996,27.0,27.0,1,False,False,False,False,False,False,False
0.6,tool_selection,log_ratio,8,0.8,0.85,-0.04999999999999993,31.42442855834961,33.25823287963867,0.05835601172139082,0.05671677184512499,0.4686795484500048,-0.5186795484500047,-0.6528171429240452,-0.35957853910978993,-0.7935682923075664,-0.243790804592443,0.07584073587444828,0.04104902898762618,-0.5408822391643544,-0.29,24.5,24.0,2,False,False,False,False,False,False,False
0.6,tool_selection,log_ratio,9,0.8,0.0,0.8,31.42442855834961,34.45396385192871,0.09640701303299082,0.09203848184430631,0.4700318376907743,0.32996816230922577,0.291282128342482,0.36944724387980293,0.2574778138573459,0.4024585107611056,0.019999805351195013,0.04068050638356995,0.34396065597011494,0.3388888888888889,6.0,3.0,11,True,False,True,True,True,True,True
0.6,tool_selection,log_ratio,10,0.8,0.0,0.8,31.42442855834961,34.34166412353515,0.09283336878405768,0.08877374449270488,0.4699068474455509,0.33009315255444915,0.2921523144951127,0.3696312475947444,0.258165463629836,0.4020208414790623,0.0198445697748093,0.04071401526902296,0.3441029659648585,0.3388888888888889,6.0,2.0,11,True,False,True,True,True,True,True
0.6,tool_selection,log_ratio,11,0.8,0.3,0.5,31.42442855834961,39.35587005615234,0.25239731831799084,0.2250595692333839,0.47512454088311334,0.024875459116886656,-0.16023942180340622,0.19473163967901452,-0.3040612983407215,0.3538122165744948,0.09075237272962522,0.03941101138833963,0.0258960485824839,0.03888888888888886,17.5,16.0,2,False,False,False,False,False,False,False
0.6,tool_selection,log_ratio,12,0.8,0.3,0.5,31.42442855834961,32.81797065734863,0.04434582148125488,0.04339068123994892,0.46816935998666837,0.031830640013331635,-0.16668747954624322,0.2121424435915232,-0.31661648168141154,0.3802777617080748,0.09613520638137184,0.041191490748549185,0.03319812006902406,0.25999999999999995,17.5,15.0,2,False,False,False,False,False,False,True
0.6,tool_selection,log_ratio,13,0.8,0.85,-0.04999999999999993,31.42442855834961,34.61348609924316,0.1014833900629899,0.09665780776662014,0.47020868826636925,-0.5202086882663692,-0.6473265917601879,-0.37067492853185724,-0.7812098420247258,-0.25920753450801276,0.07200920375033852,0.040633286646623815,-0.542241752841339,-0.5111111111111111,24.5,25.0,2,False,False,False,False,False,False,False
0.6,tool_selection,log_ratio,14,0.8,0.0,0.8,31.42442855834961,31.66988334655762,0.007810954708444173,0.007780607128327906,0.46680603074566435,0.3331939692543357,0.29466497541380166,0.37306196575014156,0.2604111124912336,0.4059768260174378,0.020080507257214067,0.04158138848593161,0.34764972763620494,0.56,6.0,1.0,11,True,False,True,True,True,True,True
0.6,tool_selection,log_ratio,15,0.8,0.7,0.10000000000000009,31.42442855834961,32.06176872253418,0.020281678726508767,0.02007874478646096,0.46727686410104213,-0.36727686410104204,-0.5494992783611086,-0.17156596232466564,-0.719462215993188,-0.01509151220889604,0.0971665695614736,0.0414452198454537,-0.3831568854539817,-0.13999999999999996,23.0,23.0,1,False,False,False,False,False,False,False
0.6,tool_selection,log_ratio,16,0.8,1.0,-0.19999999999999996,31.42442855834961,39.46157455444336,0.2557610866708424,0.2277418323335851,0.475227231141637,-0.675227231141637,-0.7131852673988877,-0.6366133046039391,-0.7464546309358182,-0.6039998313474557,0.01965136272590827,0.039387336879629704,-0.7029131064630023,-0.6611111111111111,28.0,28.0,1,False,False,False,False,False,False,False
0.6,tool_selection,log_ratio,17,0.8,0.4,0.4,31.42442855834961,35.76547546386719,0.13814242946238542,0.12939748557237915,0.4714621245819953,-0.0714621245819953,-0.2772998488940318,0.12023592832649797,-0.44037592427523325,0.29745167511124265,0.10178188328246579,0.04030507932187686,-0.07446337689429461,-0.061111111111111116,20.0,19.0,1,False,False,False,False,False,False,False
0.6,tool_selection,log_ratio,18,0.8,0.0,0.8,31.42442855834961,36.127797317504886,0.14967237193898209,0.13947700781906078,0.4718480183987613,0.32815198160123876,0.2905244841296564,0.36740542236048784,0.256588491036416,0.3997154721660615,0.019744088863066035,0.04020631571081839,0.3418984589841998,0.3388888888888889,6.0,4.0,11,True,False,True,True,True,True,True
0.6,tool_selection,log_ratio,19,0.8,0.0,0.8,31.42442855834961,39.387163162231445,0.2533931393246005,0.22585438514147138,0.47515497035555176,0.3248450296444483,0.28693568564795935,0.3637107663757009,0.25366200788830556,0.396028051400591,0.019639118997721083,0.03940398816092054,0.33817028765560475,0.3388888888888889,6.0,5.0,11,True,False,True,True,True,True,True
0.6,tool_selection,log_ratio,20,0.8,0.35,0.45000000000000007,31.42442855834961,47.28684692382812,0.5047798510011026,0.4086466090965268,0.4821531580921159,-0.03215315809211583,-0.24464684302034503,0.17270204615760396,-0.4215968304444383,0.35729051426020664,0.10744599534476423,0.03796615042776068,-0.033422065248964405,-0.23333333333333317,19.0,18.0,1,False,False,False,False,False,False,False
0.6,tool_selection,log_ratio,21,0.8,0.0,0.8,31.42442855834961,44.37084808349609,0.4119858377410832,0.34499710909233894,0.47971634135708197,0.3202836586429181,0.2833814045834231,0.35888491301035147,0.25044268186502205,0.3901246354208141,0.019268854005060718,0.038426734343804704,0.3330829486241494,0.11666666666666681,6.0,7.0,11,True,False,True,True,True,True,True
0.6,tool_selection,log_ratio,22,0.8,0.1,0.7000000000000001,31.42442855834961,45.24434280395508,0.4397825156929849,0.3644920714128537,0.4804627046502478,0.21953729534975225,0.0927256010359274,0.3162077471500259,0.010111896421507921,0.4289626942779966,0.05777965347954726,0.03828111424943623,0.22827595319438543,0.01666666666666683,14.0,11.0,1,False,False,True,True,False,True,False
0.6,tool_selection,log_ratio,23,0.8,0.9,-0.09999999999999998,31.42442855834961,42.32306900024414,0.3468206405617744,0.2977467338197892,0.47790736398580325,-0.5779073639858032,-0.6820261618105605,-0.4440403520038625,-0.8017674349928463,-0.3540472929787601,0.06176212339519325,0.038796345733948474,-0.6012330076159326,-0.5700000000000001,26.0,26.0,1,False,False,False,False,False,False,False
0.6,tool_selection,log_ratio,24,0.8,0.05,0.75,31.42442855834961,40.0853572845459,0.2756113356242731,0.24342554261810098,0.47582768091243205,0.27417231908756795,0.14337319140653976,0.3587595572472214,0.06540659518891487,0.482938042986221,0.0575976517031918,0.039250429890685765,0.28537334558096406,0.2799999999999999,12.5,9.0,2,False,False,True,True,False,True,True
0.6,tool_selection,log_ratio,25,0.8,0.5,0.30000000000000004,31.42442855834961,38.58443908691406,0.2278485514945665,0.2052634927174359,0.4743666494536614,-0.17436664945366137,-0.3722755500147076,0.018255075848554774,-0.5361009683532649,0.18736766944594213,0.09980109243979729,0.03958808976947934,-0.18155402655492836,-0.1611111111111111,21.5,21.0,2,False,False,False,False,False,False,False
0.6,tool_selection,log_ratio,26,0.8,0.0,0.8,31.42442855834961,45.07006340026855,0.4342365308753795,0.36063267339796745,0.4803149478623828,0.3196850521376172,0.28294915002756454,0.3585686775823976,0.24982292892497304,0.3895471753502614,0.019274688224206672,0.03830962357245475,0.3324199347041117,0.11666666666666681,6.0,8.0,11,True,False,True,True,True,True,True
0.6,tool_selection,log_ratio,27,0.8,0.2,0.6000000000000001,31.42442855834961,54.48532981872559,0.7338526846257827,0.5503459177860864,0.4875781063907629,0.11242189360923721,-0.07701092456959793,0.27794364470926236,-0.21870700595983117,0.4435507931783056,0.09135717621681587,0.03709457107753916,0.11675278820999357,-0.08333333333333315,15.5,14.0,2,False,False,True,False,False,True,False
0.6,tool_selection,relative,0,0.8,0.0,0.8,31.42442855834961,2544088.5,80957.94234881876,11.301697420562673,0.8157677239676298,-0.01576772396762971,-0.04347330943751603,-0.004301328923029568,-0.0561902149346779,0.02465476699941848,0.011152408126277092,0.9972463703895291,-5.72616008619015,0.0,6.0,18.0,11,True,False,False,False,False,False,False
0.6,tool_selection,relative,1,0.8,0.0,0.8,31.42442855834961,136084.40146484374,4329.529072697665,8.373445001222219,0.5122125296030517,0.2877874703969483,0.23744513713585835,0.3269008610681509,0.20628754416964878,0.3692873966242478,0.022485512837129632,0.035973740539773286,0.2985265884334779,0.0,6.0,10.0,11,True,False,True,True,True,False,False
0.6,tool_selection,relative,2,0.8,0.0,0.8,31.42442855834961,3155.0063720703124,99.39980094505214,4.6091602246366605,0.49545532873753023,0.3045446712624698,0.2697565221124657,0.34125265707340047,0.23800059429107284,0.3710887482338668,0.018359252164256434,0.03709323186921881,0.31627638452854534,0.0,6.0,9.0,11,True,False,True,True,True,True,False
0.6,tool_selection,relative,3,0.8,0.2,0.6000000000000001,31.42442855834961,41.99105682373047,0.3362552240452199,0.28987109283139917,0.4950628991857473,0.10493710081425278,-0.08119753637232553,0.26057040568123296,-0.21031290945709313,0.4201871110855987,0.08697625238447378,0.03718738763223463,0.10899016014776702,0.13,15.5,14.0,2,False,False,True,False,False,True,True
0.6,tool_selection,relative,4,0.8,0.05,0.75,31.42442855834961,46.50095825195312,0.47977100571961273,0.39188734993961566,0.4950634677080374,0.2549365322919626,0.15766397267660856,0.3192002202584462,0.09913796683106635,0.4107350977528589,0.042984218585757634,0.037187248977518884,0.2647830868683728,0.06666666666666676,12.5,12.0,2,False,False,True,True,False,True,False
0.6,tool_selection,relative,5,0.8,0.5,0.30000000000000004,31.42442855834961,41.02241401672363,0.30543070785049453,0.2665330306518886,0.49506277707775104,-0.195062777077751,-0.4042704938358749,0.008341281637882069,-0.5804629151099718,0.1903373609544698,0.1063303999439973,0.03718741741353574,-0.20259682996013773,-0.17000000000000004,21.5,22.0,2,False,False,False,False,False,False,False
0.6,tool_selection,relative,6,0.8,0.0,0.8,31.42442855834961,41.64138641357422,0.3251278805676139,0.2815089684169792,0.4950628551059763,0.30493714489402374,0.27020525296637987,0.34172490028609814,0.23826869928907987,0.3716055904989676,0.01839356498680251,0.037187398382953124,0.3167149499101703,0.32999999999999996,6.0,6.0,11,True,False,True,True,True,True,True
0.6,tool_selection,relative,7,0.8,0.95,-0.1499999999999999,31.42442855834961,33.90263023376465,0.07886226700394738,0.07590702938302,0.49506187955130937,-0.6450618795513092,-0.7173753678440242,-0.5320745917677917,-0.8210562075007847,-0.4690675516018338,0.048556150950776845,0.03718763632330497,-0.6699767305521599,-0.38999999999999996,27.0,27.0,1,False,False,False,False,False,False,False
0.6,tool_selection,relative,8,0.8,0.85,-0.04999999999999993,31.42442855834961,33.25823287963867,0.05835601172139082,0.05671677184512499,0.4950617983179908,-0.5450617983179907,-0.6796322031139098,-0.38518765492868307,-0.8208244325930498,-0.2692991640429317,0.07608183884362249,0.03718765613719186,-0.5661142607823242,-0.29,24.5,24.0,2,False,False,False,False,False,False,False
0.6,tool_selection,relative,9,0.8,0.0,0.8,31.42442855834961,34.45396385192871,0.09640701303299082,0.09203848184430631,0.49506194905292844,0.3049380509470716,0.27020656198272763,0.341725405176801,0.23826919269636682,0.3716069091977764,0.018393678834163894,0.03718761937104138,0.31671596365209836,0.3388888888888889,6.0,3.0,11,True,False,True,True,True,True,True
0.6,tool_selection,relative,10,0.8,0.0,0.8,31.42442855834961,34.34166412353515,0.09283336878405768,0.08877374449270488,0.4950619348963222,0.3049380651036778,0.27020634110178754,0.34172604871234646,0.23826926906842688,0.37160686113892877,0.018393661669162033,0.03718762282399649,0.31671597949133423,0.3388888888888889,6.0,2.0,11,True,False,True,True,True,True,True
0.6,tool_selection,relative,11,0.8,0.3,0.5,31.42442855834961,39.35587005615234,0.25239731831799084,0.2250595692333839,0.49506256699169837,0.004937433008301628,-0.17925512229789936,0.17698336068674952,-0.3259555214074232,0.33583038742402643,0.09129207986618153,0.03718746865278469,0.005128135382069521,0.03888888888888886,17.5,17.0,2,False,False,False,False,False,False,False
0.6,tool_selection,relative,12,0.8,0.3,0.5,31.42442855834961,32.81797065734863,0.04434582148125488,0.04339068123994892,0.49506174281813325,0.004938257181866745,-0.19391970355796445,0.1873422854556206,-0.34525372368196,0.3551302380456935,0.09661660624345257,0.037187669674421935,0.00512899245920212,0.25999999999999995,17.5,16.0,2,False,False,False,False,False,False,True
0.6,tool_selection,relative,13,0.8,0.85,-0.04999999999999993,31.42442855834961,34.61348609924316,0.1014833900629899,0.09665780776662014,0.49506196916244855,-0.5450619691624485,-0.6718154880881931,-0.39391551149214904,-0.8073680095403066,-0.2827559287845904,0.07236921689626423,0.03718761446611074,-0.5661144137237144,-0.5111111111111111,24.5,25.0,2,False,False,False,False,False,False,False
0.6,tool_selection,relative,14,0.8,0.0,0.8,31.42442855834961,31.66988334655762,0.007810954708444173,0.007780607128327906,0.49506159808919903,0.304938401910801,0.27020686550557305,0.34172589824711036,0.238269461015183,0.37160734280641905,0.018393701635574196,0.03718770497622636,0.31671635633119066,0.56,6.0,1.0,11,True,False,True,True,True,True,True
0.6,tool_selection,relative,15,0.8,0.7,0.10000000000000009,31.42442855834961,32.06176872253418,0.020281678726508767,0.02007874478646096,0.49506164749062714,-0.39506164749062705,-0.5777544688388162,-0.19747893245218293,-0.7488317827790346,-0.041291512202219494,0.09760380514008414,0.03718769292634535,-0.4103205210279942,-0.13999999999999996,23.0,23.0,1,False,False,False,False,False,False,False
0.6,tool_selection,relative,16,0.8,1.0,-0.19999999999999996,31.42442855834961,39.46157455444336,0.2557610866708424,0.2277418323335851,0.49506258031690387,-0.6950625803169038,-0.7297941453603444,-0.6582756575569079,-0.7617311879281521,-0.6283939727056556,0.018393609683712148,0.03718746540278749,-0.7219085287539174,-0.6611111111111111,28.0,28.0,1,False,False,False,False,False,False,False
0.6,tool_selection,relative,17,0.8,0.4,0.4,31.42442855834961,35.76547546386719,0.13814242946238542,0.12939748557237915,0.49506211438327924,-0.09506211438327922,-0.3006402483699857,0.09720476700163551,-0.4656696781029327,0.27554544933637426,0.10224918619330299,0.037187579045413255,-0.09873378481036754,-0.061111111111111116,20.0,20.0,1,False,False,False,False,False,False,False
0.6,tool_selection,relative,18,0.8,0.0,0.8,31.42442855834961,36.127797317504886,0.14967237193898209,0.13947700781906078,0.49506216005790277,0.3049378399420973,0.270206124405483,0.3417254654280083,0.23826912785686877,0.3716065520273258,0.01839363850767717,0.03718756790504012,0.316715727567612,0.3388888888888889,6.0,4.0,11,True,False,True,True,True,True,True
0.6,tool_selection,relative,19,0.8,0.0,0.8,31.42442855834961,39.387163162231445,0.2533931393246005,0.22585438514147138,0.4950625709365359,0.30493742906346416,0.27020584840612644,0.3417243450621323,0.23826880543849038,0.37160605268843794,0.018393614101836757,0.037187467690644495,0.31671526785391546,0.3388888888888889,6.0,5.0,11,True,False,True,True,True,True,True
0.6,tool_selection,relative,20,0.8,0.35,0.45000000000000007,31.42442855834961,47.28684692382812,0.5047798510011026,0.4086466090965268,0.49506356677788066,-0.04506356677788059,-0.2579841368915053,0.15902466610128932,-0.43410155322378824,0.34397441966802705,0.10733406818017893,0.03718722481642334,-0.04680408064723529,-0.23333333333333317,19.0,19.0,1,False,False,False,False,False,False,False
0.6,tool_selection,relative,21,0.8,0.0,0.8,31.42442855834961,44.37084808349609,0.4119858377410832,0.34499710909233894,0.4950631991844055,0.30493680081559454,0.27020472712436133,0.3417247749343991,0.23826849496721034,0.3716051066639787,0.018393526428510963,0.03718731446590197,0.31671456493787037,0.11666666666666681,6.0,7.0,11,True,False,True,True,True,True,True
0.6,tool_selection,relative,22,0.8,0.1,0.7000000000000001,31.42442855834961,45.24434280395508,0.4397825156929849,0.3644920714128537,0.4950633092979472,0.2049366907020529,0.07758391062595517,0.3018945050483377,-0.005363437486144956,0.41523681889025077,0.05802098788209436,0.03718728761089099,0.21285208230531777,0.01666666666666683,14.0,13.0,1,False,False,True,False,False,True,False
0.6,tool_selection,relative,23,0.8,0.9,-0.09999999999999998,31.42442855834961,42.32306900024414,0.3468206405617744,0.2977467338197892,0.4950629410395053,-0.5950629410395053,-0.6987369646106083,-0.4607401096821077,-0.8190699857123704,-0.3710558963666402,0.06180267285827304,0.03718737742445997,-0.6180464683228829,-0.5700000000000001,26.0,26.0,1,False,False,False,False,False,False,False
0.6,tool_selection,relative,24,0.8,0.05,0.75,31.42442855834961,40.0853572845459,0.2756113356242731,0.24342554261810098,0.4950626589515241,0.2549373410484759,0.12636964814710402,0.3376007789982156,0.048427472591802134,0.4614472095051496,0.05697526995577932,0.03718744622399713,0.26478398110686324,0.2799999999999999,12.5,11.0,2,False,False,True,True,False,True,True
0.6,tool_selection,relative,25,0.8,0.5,0.30000000000000004,31.42442855834961,38.58443908691406,0.2278485514945665,0.2052634927174359,0.4950624697444063,-0.19506246974440627,-0.3923849060080951,-0.0012100150288302997,-0.559029155418983,0.16890421593017052,0.10041699375528866,0.03718749237135872,-0.2025965265291737,-0.1611111111111111,21.5,21.0,2,False,False,False,False,False,False,False
0.6,tool_selection,relative,26,0.8,0.0,0.8,31.42442855834961,45.07006340026855,0.4342365308753795,0.36063267339796745,0.4950632873281265,0.30493671267187356,0.27020462299145515,0.3417243048038445,0.2382684547864274,0.37160497055731967,0.018393513195722796,0.03718729296897515,0.31671446631836725,0.11666666666666681,6.0,8.0,11,True,False,True,True,True,True,True
0.6,tool_selection,relative,27,0.8,0.2,0.6000000000000001,31.42442855834961,54.48532981872559,0.7338526846257827,0.5503459177860864,0.49506447422520417,0.10493552577479592,-0.08419525230459335,0.26978797281713324,-0.22575141286590678,0.4356224644154986,0.09123524091468369,0.037187003517919946,0.10898848079347556,-0.08333333333333315,15.5,15.0,2,False,False,True,False,False,True,False
0.6,argument_binding,log_ratio,0,0.65,0.0,0.65,31.42442855834961,2544088.5,80957.94234881876,11.301697420562673,0.7310078175786074,-0.08100781757860742,-0.10418817297807667,-0.06103803474683622,-0.12114346723434422,-0.04087216792287063,0.011073269723504513,0.5899610502101643,-0.1975612746548293,0.0,6.5,18.0,12,True,False,False,False,False,False,False
0.6,argument_binding,log_ratio,1,0.65,0.0,0.65,31.42442855834961,136084.40146484374,4329.529072697665,8.373445001222219,0.6394188655275859,0.010581134472414155,-0.012312365151410608,0.043419260792153296,-0.048050922329259255,0.06921319127408757,0.01617635655527421,0.31830413158676035,0.01552178172510199,0.0,6.5,17.0,12,True,False,False,False,False,False,False
0.6,argument_binding,log_ratio,2,0.65,0.0,0.65,31.42442855834961,3155.0063720703124,99.39980094505214,4.6091602246366605,0.5216807581048865,0.12831924189511357,0.0995832317118662,0.1685256093472624,0.06588827449175264,0.1907502092984745,0.017224461223039417,0.1022401292202529,0.14293269956883026,0.0,6.5,12.0,12,True,False,True,True,False,True,False
0.6,argument_binding,log_ratio,3,0.65,0.2,0.45,31.42442855834961,41.99105682373047,0.3362552240452199,0.28987109283139917,0.3865834001809019,0.06341659981909809,-0.11215382688596186,0.21387485267474196,-0.2375768329319901,0.3644100325701863,0.08304291806523473,0.03886024681797559,0.06598062311869435,0.04999999999999993,16.5,15.0,2,False,False,False,False,False,False,False
0.6,argument_binding,log_ratio,4,0.65,0.05,0.6,31.42442855834961,46.50095825195312,0.47977100571961273,0.39188734993961566,0.3897742323711178,0.21022576762888218,0.10758418730259352,0.2904975059203191,0.039560112193292224,0.3808914230644721,0.047085990917973074,0.038083271184247536,0.2185488216715994,0.05833333333333335,13.0,10.0,1,False,False,True,True,False,True,False
0.6,argument_binding,log_ratio,5,0.65,0.35,0.30000000000000004,31.42442855834961,41.02241401672363,0.30543070785049453,0.2665330306518886,0.3858534396611717,-0.08585343966117165,-0.2868366268167148,0.09913538792448433,-0.4405567929589613,0.268849913636618,0.09786127636123933,0.039053456546824836,-0.08934257607364526,-0.10000000000000003,20.0,20.0,3,False,False,False,False,False,False,False
0.6,argument_binding,log_ratio,6,0.65,0.0,0.65,31.42442855834961,41.64138641357422,0.3251278805676139,0.2815089684169792,0.38632185230102023,0.2636781476989798,0.20591244586324192,0.32052102875038263,0.15738171783878313,0.36997457755917645,0.029326771799725815,0.03892881277342104,0.2743586023631524,0.24999999999999994,6.5,7.0,12,True,False,True,True,True,True,True
0.6,argument_binding,log_ratio,7,0.65,0.8,-0.15000000000000002,31.42442855834961,33.90263023376465,0.07886226700394738,0.07590702938302,0.3798910999480452,-0.5298910999480453,-0.659685425058397,-0.38760607173319345,-0.7821950356088143,-0.2775871642872762,0.06960967508530384,0.040847174766881725,-0.5524574249356534,-0.33000000000000007,27.0,27.0,1,False,False,False,False,False,False,False
0.6,argument_binding,log_ratio,8,0.65,0.7,-0.04999999999999993,31.42442855834961,33.25823287963867,0.05835601172139082,0.05671677184512499,0.37929087314864895,-0.4292908731486489,-0.584393672414951,-0.26512717995466323,-0.7259864515477072,-0.13259529474959053,0.08185715675625933,0.04104902898762618,-0.44766717603449785,-0.22999999999999998,25.5,25.0,2,False,False,False,False,False,False,False
0.6,argument_binding,log_ratio,9,0.65,0.0,0.65,31.42442855834961,34.45396385192871,0.09640701303299082,0.09203848184430631,0.380395654410711,0.26960434558928903,0.21041360073567555,0.3276255683642763,0.16078884402069618,0.3784198471578819,0.03002177389186046,0.04068050638356995,0.2810370761600372,0.2722222222222222,6.5,3.0,12,True,False,True,True,True,True,True
0.6,argument_binding,log_ratio,10,0.65,0.0,0.65,31.42442855834961,34.34166412353515,0.09283336878405768,0.08877374449270488,0.38029354098948404,0.269706459010516,0.21067154277648584,0.3279345404509798,0.16099649894909407,0.3784164190719379,0.029992655400296143,0.04071401526902296,0.28115334040468926,0.2722222222222222,6.5,2.0,12,True,False,True,True,True,True,True
0.6,argument_binding,log_ratio,11,0.65,0.2,0.45,31.42442855834961,39.35587005615234,0.25239731831799084,0.2250595692333839,0.38455624586593706,0.06544375413406295,-0.11372420338277976,0.22407505207236939,-0.2502720960358556,0.3811596043039815,0.087104775801663,0.03941101138833963,0.06812877818706697,0.07222222222222219,16.5,14.0,2,False,False,False,False,False,False,False
0.6,argument_binding,log_ratio,12,0.65,0.25,0.4,31.42442855834961,32.81797065734863,0.04434582148125488,0.04339068123994892,0.37887406390590617,0.021125936094093856,-0.17912295664135003,0.19834576491800102,-0.3294263457991936,0.3716782179873813,0.0967160118969077,0.041191490748549185,0.022033530043018723,0.21999999999999997,18.0,16.0,1,False,False,False,False,False,False,True
0.6,argument_binding,log_ratio,13,0.65,0.65,0.0,31.42442855834961,34.61348609924316,0.1014833900629899,0.09665780776662014,0.3805401362243731,-0.3805401362243731,-0.5598215589804999,-0.18990564365568693,-0.7238292318117774,-0.037251040636968824,0.09471212702879238,0.040633286646623815,-0.39665763980306434,-0.3777777777777778,24.0,24.0,1,False,False,False,False,False,False,False
0.6,argument_binding,log_ratio,14,0.65,0.0,0.65,31.42442855834961,31.66988334655762,0.007810954708444173,0.007780607128327906,0.37776026328243495,0.2722397367175651,0.21231565126643853,0.33089336088142335,0.16245787620690783,0.3820215972282223,0.03028838856751627,0.04158138848593161,0.284050970470505,0.47,6.5,1.0,12,True,False,True,True,True,True,True
0.6,argument_binding,log_ratio,15,0.65,0.6,0.050000000000000044,31.42442855834961,32.06176872253418,0.020281678726508767,0.02007874478646096,0.3781449205383628,-0.32814492053836275,-0.5042564206483026,-0.1446627495540555,-0.6616303829832773,0.005340541906551699,0.0920073427537592,0.0414452198454537,-0.3423329864209289,-0.13,23.0,23.0,1,False,False,False,False,False,False,False
0.6,argument_binding,log_ratio,16,0.65,0.85,-0.19999999999999996,31.42442855834961,39.46157455444336,0.2557610866708424,0.2277418323335851,0.3846401408419473,-0.5846401408419473,-0.7045933756875773,-0.4430276938050703,-0.8299880513176363,-0.3392922303662582,0.0676905347764121,0.039387336879629704,-0.6086117363296599,-0.5777777777777777,28.0,28.0,1,False,False,False,False,False,False,False
0.6,argument_binding,log_ratio,17,0.65,0.35,0.30000000000000004,31.42442855834961,35.76547546386719,0.13814242946238542,0.12939748557237915,0.38156415750099276,-0.08156415750099272,-0.2642822284398442,0.09110211628616385,-0.41258547294089787,0.24945715793891243,0.09132749417378402,0.04030507932187686,-0.08498967301333565,-0.07777777777777778,20.0,19.0,3,False,False,False,False,False,False,False
0.6,argument_binding,log_ratio,18,0.65,0.0,0.65,31.42442855834961,36.127797317504886,0.14967237193898209,0.13947700781906078,0.38187942160652244,0.2681205783934776,0.20949273259937226,0.32608339228461464,0.16001708858683794,0.3762240682001172,0.02982533261449126,0.04020631571081839,0.2793523053780525,0.2722222222222222,6.5,4.0,12,True,False,True,True,True,True,True
0.6,argument_binding,log_ratio,19,0.65,0.0,0.65,31.42442855834961,39.387163162231445,0.2533931393246005,0.22585438514147138,0.3845811058662616,0.2654188941337384,0.20687888571180696,0.3225013182323181,0.15832600598488028,0.37251178228259657,0.02954651154555072,0.03940398816092054,0.2763064710476872,0.2722222222222222,6.5,5.0,12,True,False,True,True,True,True,True
0.6,argument_binding,log_ratio,20,0.65,0.35,0.30000000000000004,31.42442855834961,47.28684692382812,0.5047798510011026,0.4086466090965268,0.39029842317283797,-0.09029842317283793,-0.30093959547370924,0.11044180385384736,-0.464524089121094,0.28392724277541814,0.10324740653377786,0.03796615042776068,-0.09386200206259732,-0.24166666666666659,20.0,21.0,3,False,False,False,False,False,False,False
0.6,argument_binding,log_ratio,21,0.65,0.0,0.65,31.42442855834961,44.37084808349609,0.4119858377410832,0.34499710909233894,0.38830761426392973,0.2616923857360703,0.20473761880464036,0.3180021114281939,0.15612711122533707,0.3672576602468035,0.029125048880978076,0.038426734343804704,0.27215023033890884,0.10833333333333339,6.5,8.0,12,True,False,True,True,True,True,True
0.6,argument_binding,log_ratio,22,0.65,0.1,0.55,31.42442855834961,45.24434280395508,0.4397825156929849,0.3644920714128537,0.3889173715230434,0.16108262847695665,0.036893961805083864,0.26290398449194624,-0.051400730359207586,0.37356598731312085,0.05862333273114797,0.03828111424943623,0.1674945047494219,0.008333333333333415,14.0,11.0,1,False,False,True,False,False,True,False
0.6,argument_binding,log_ratio,23,0.65,0.7,-0.04999999999999993,31.42442855834961,42.32306900024414,0.3468206405617744,0.2977467338197892,0.38682973198621096,-0.4368297319862109,-0.6049253392491286,-0.2563786772682276,-0.761543665635559,-0.1121157983368628,0.0895873120560149,0.038796345733948474,-0.4544611644446587,-0.45,25.5,26.0,2,False,False,False,False,False,False,False
0.6,argument_binding,log_ratio,24,0.65,0.0,0.65,31.42442855834961,40.0853572845459,0.2756113356242731,0.24342554261810098,0.3851306909665688,0.2648693090334312,0.20695418416892142,0.3219950247411885,0.158062585143308,0.3716760329235544,0.029467559938952132,0.039250429890685765,0.27569027067406787,0.24999999999999994,6.5,6.0,12,True,False,True,True,True,True,True
0.6,argument_binding,log_ratio,25,0.65,0.4,0.25,31.42442855834961,38.58443908691406,0.2278485514945665,0.2052634927174359,0.3839370704523551,-0.1339370704523551,-0.3125905579246714,0.036577434393395634,-0.4605711689902637,0.1926970280855535,0.09011707808464563,0.03958808976947934,-0.13945794406090528,-0.12777777777777782,22.0,22.0,1,False,False,False,False,False,False,False
0.6,argument_binding,log_ratio,26,0.65,0.0,0.65,31.42442855834961,45.07006340026855,0.4342365308753795,0.36063267339796745,0.3887966584938672,0.26120334150613284,0.20399057568477866,0.31744380238121034,0.15573346261047105,0.3666732204017946,0.029098729601604586,0.03830962357245475,0.2716085633262154,0.10833333333333339,6.5,9.0,12,True,False,True,True,True,True,True
0.6,argument_binding,log_ratio,27,0.65,0.15,0.5,31.42442855834961,54.48532981872559,0.7338526846257827,0.5503459177860864,0.39473044928626777,0.10526955071373223,-0.05922796518531322,0.2460027024282252,-0.17647271994319402,0.3870118213706585,0.07773159727715595,0.03709457107753916,0.1093249114105983,-0.04166666666666663,15.0,13.0,1,False,False,True,False,False,False,False
0.6,argument_binding,relative,0,0.65,0.0,0.65,31.42442855834961,2544088.5,80957.94234881876,11.301697420562673,0.6628833526623723,-0.012883352662372283,-0.03605964072622418,-0.0033971625485637786,-0.046438726349353636,0.02067202102460907,0.009257797162772984,0.9972463703895291,-4.678680318290568,0.0,6.5,18.0,12,True,False,False,False,False,False,False
0.6,argument_binding,relative,1,0.65,0.0,0.65,31.42442855834961,136084.40146484374,4329.529072697665,8.373445001222219,0.4148565785475638,0.23514342145243622,0.17580404664124066,0.2884064692297175,0.13162442339510183,0.3386624195097706,0.02856048916183316,0.035973740539773286,0.2439180666967481,0.0,6.5,11.0,12,True,False,True,True,True,False,False
0.6,argument_binding,relative,2,0.65,0.0,0.65,31.42442855834961,3155.0063720703124,99.39980094505214,4.6091602246366605,0.4011647210171095,0.24883527898289054,0.19473276754675453,0.3027020418191771,0.1483157357102201,0.34935482225556097,0.027732951246315883,0.03709323186921881,0.25842094709328484,0.0,6.5,10.0,12,True,False,True,True,True,True,False
0.6,argument_binding,relative,3,0.65,0.2,0.45,31.42442855834961,41.99105682373047,0.3362552240452199,0.28987109283139917,0.400844077399069,0.04915592260093099,-0.126574126726726,0.19892142670768456,-0.2518598442723721,0.3501716894742341,0.08304907996273594,0.03718738763223463,0.051054506317741166,0.04999999999999993,16.5,16.0,2,False,False,False,False,False,False,False
0.6,argument_binding,relative,4,0.65,0.05,0.6,31.42442855834961,46.50095825195312,0.47977100571961273,0.39188734993961566,0.40084454192332103,0.19915545807667895,0.09682946164847092,0.27816837204452144,0.029564222813791535,0.36874669333956633,0.046789562568843084,0.037187248977518884,0.2068475493964752,0.05833333333333335,13.0,12.0,1,False,False,True,True,False,True,False
0.6,argument_binding,relative,5,0.65,0.35,0.30000000000000004,31.42442855834961,41.02241401672363,0.30543070785049453,0.2665330306518886,0.4008439776279138,-0.10084397762791375,-0.3026684292657765,0.08517080809586375,-0.4567289793741246,0.2550410241182971,0.09818728857481909,0.03718741741353574,-0.10473894863007527,-0.10000000000000003,20.0,20.0,3,False,False,False,False,False,False,False
0.6,argument_binding,relative,6,0.65,0.0,0.65,31.42442855834961,41.64138641357422,0.3251278805676139,0.2815089684169792,0.4008440413826752,0.2491559586173248,0.19485920025033432,0.3031049609109468,0.14848403951729822,0.3498278777173514,0.02777499114476351,0.037187398382953124,0.2587792870584229,0.24999999999999994,6.5,7.0,12,True,False,True,True,True,True,True
0.6,argument_binding,relative,7,0.65,0.8,-0.15000000000000002,31.42442855834961,33.90263023376465,0.07886226700394738,0.07590702938302,0.40084324428323004,-0.5508432442832301,-0.681170929515102,-0.40482989430667116,-0.807521216301995,-0.2941652722644651,0.07081645471358826,0.03718763632330497,-0.5721189974957561,-0.33000000000000007,27.0,27.0,1,False,False,False,False,False,False,False
0.6,argument_binding,relative,8,0.65,0.7,-0.04999999999999993,31.42442855834961,33.25823287963867,0.05835601172139082,0.05671677184512499,0.40084317790967317,-0.4508431779096731,-0.6081091952981222,-0.2843120156765351,-0.7522180615642715,-0.14946829425507469,0.08314815888672568,0.03718765613719186,-0.4682565411457938,-0.22999999999999998,25.5,25.0,2,False,False,False,False,False,False,False
0.6,argument_binding,relative,9,0.65,0.0,0.65,31.42442855834961,34.45396385192871,0.09640701303299082,0.09203848184430631,0.4008433010711312,0.24915669892886882,0.1948596135322843,0.3031057358661729,0.14848433068823785,0.3498290671694998,0.027775115060910346,0.03718761937104138,0.2587801153596579,0.2722222222222222,6.5,3.0,12,True,False,True,True,True,True,True
0.6,argument_binding,relative,10,0.65,0.0,0.65,31.42442855834961,34.34166412353515,0.09283336878405768,0.08877374449270488,0.4008432895041495,0.24915671049585053,0.19485993511363636,0.3031058301902608,0.14848437466146203,0.34982904633023904,0.02777510612015402,0.03718762282399649,0.25878012830147096,0.2722222222222222,6.5,2.0,12,True,False,True,True,True,True,True
0.6,argument_binding,relative,11,0.65,0.2,0.45,31.42442855834961,39.35587005615234,0.25239731831799084,0.2250595692333839,0.40084380597225805,0.04915619402774196,-0.12927390158061008,0.20781953309880274,-0.26595273998643765,0.36426512804192157,0.0869373299935175,0.03718746865278469,0.05105479252431416,0.07222222222222219,16.5,15.0,2,False,False,False,False,False,False,False
0.6,argument_binding,relative,12,0.65,0.25,0.4,31.42442855834961,32.81797065734863,0.04434582148125488,0.04339068123994892,0.40084313256223425,-0.0008431325622342278,-0.201114052518955,0.1762164113098563,-0.3506652951742802,0.34897903004981173,0.09651457482535497,0.037187669674421935,-0.0008756977197718063,0.21999999999999997,18.0,17.0,1,False,False,False,False,False,False,True
0.6,argument_binding,relative,13,0.65,0.65,0.0,31.42442855834961,34.61348609924316,0.1014833900629899,0.09665780776662014,0.40084331750207847,-0.40084331750207847,-0.581058452593901,-0.20849663111337727,-0.7469715646833366,-0.05471507032082035,0.09549543791710058,0.03718761446611074,-0.4163254685177392,-0.3777777777777778,24.0,24.0,1,False,False,False,False,False,False,False
0.6,argument_binding,relative,14,0.65,0.0,0.65,31.42442855834961,31.66988334655762,0.007810954708444173,0.007780607128327906,0.40084301430811986,0.24915698569188016,0.19486000133319448,0.3031060818952825,0.14848449102579658,0.34982948035796374,0.027775149941201283,0.03718770497622636,0.25878043620717156,0.47,6.5,1.0,12,True,False,True,True,True,True,True
0.6,argument_binding,relative,15,0.65,0.6,0.050000000000000044,31.42442855834961,32.06176872253418,0.020281678726508767,0.02007874478646096,0.4008430546726964,-0.35084305467269633,-0.5284930006312697,-0.16430704430781265,-0.6889581322613771,-0.012727977084015463,0.09328463557554412,0.03718769292634535,-0.3643940278859118,-0.13,23.0,23.0,1,False,False,False,False,False,False,False
0.6,argument_binding,relative,16,0.65,0.85,-0.19999999999999996,31.42442855834961,39.46157455444336,0.2557610866708424,0.2277418323335851,0.40084381685992465,-0.6008438168599246,-0.7203477402438846,-0.4572386651745262,-0.8476421785462054,-0.35404545517364383,0.06809070862717645,0.03718746540278749,-0.6240506799293846,-0.5777777777777777,28.0,28.0,1,False,False,False,False,False,False,False
0.6,argument_binding,relative,17,0.65,0.35,0.30000000000000004,31.42442855834961,35.76547546386719,0.13814242946238542,0.12939748557237915,0.40084343615810825,-0.1008434361581082,-0.2849138776007792,0.07388045248924617,-0.4354787378776857,0.2337918655614693,0.09232457893994868,0.037187579045413255,-0.10473840382961236,-0.07777777777777778,20.0,19.0,3,False,False,False,False,False,False,False
0.6,argument_binding,relative,18,0.65,0.0,0.65,31.42442855834961,36.127797317504886,0.14967237193898209,0.13947700781906078,0.40084347347761307,0.24915652652238696,0.1948597021110028,0.30310557712699315,0.1484842919667355,0.3498287610780384,0.027775078177744168,0.03718756790504012,0.2587799224613806,0.2722222222222222,6.5,4.0,12,True,False,True,True,True,True,True
0.6,argument_binding,relative,19,0.65,0.0,0.65,31.42442855834961,39.387163162231445,0.2533931393246005,0.22585438514147138,0.4008438091954786,0.24915619080452145,0.19485916047461257,0.3031050737913785,0.14848409818012798,0.3498282834289149,0.02777503901946181,0.037187467690644495,0.25877954684169663,0.2722222222222222,6.5,5.0,12,True,False,True,True,True,True,True
0.6,argument_binding,relative,20,0.65,0.35,0.30000000000000004,31.42442855834961,47.28684692382812,0.5047798510011026,0.4086466090965268,0.40084462287062184,-0.10084462287062179,-0.31257241643401185,0.09938783788425434,-0.4748702423965064,0.2731809966552628,0.10319221450347207,0.03718722481642334,-0.1047395978427832,-0.24166666666666659,20.0,21.0,3,False,False,False,False,False,False,False
0.6,argument_binding,relative,21,0.65,0.0,0.65,31.42442855834961,44.37084808349609,0.4119858377410832,0.34499710909233894,0.40084432251989316,0.24915567748010686,0.19485918493818044,0.3031045999241795,0.14848390895986172,0.349827446000352,0.02777494960038715,0.03718731446590197,0.2587789725079219,0.10833333333333339,6.5,8.0,12,True,False,True,True,True,True,True
0.6,argument_binding,relative,22,0.65,0.1,0.55,31.42442855834961,45.24434280395508,0.4397825156929849,0.3644920714128537,0.4008444124907025,0.14915558750929753,0.025011355394097927,0.250562934370419,-0.06347609142146074,0.36178726644005577,0.0586642536686921,0.03718728761089099,0.15491651241204013,0.008333333333333415,14.0,13.0,1,False,False,True,False,False,True,False
0.6,argument_binding,relative,23,0.65,0.7,-0.04999999999999993,31.42442855834961,42.32306900024414,0.3468206405617744,0.2977467338197892,0.40084411159664746,-0.4508441115966474,-0.6193702469405736,-0.26924633018550065,-0.7773309882672882,-0.12435723492600659,0.09007646014375174,0.03718737742445997,-0.468257375345404,-0.45,25.5,26.0,2,False,False,False,False,False,False,False
0.6,argument_binding,relative,24,0.65,0.0,0.65,31.42442855834961,40.0853572845459,0.2756113356242731,0.24342554261810098,0.4008438811101551,0.2491561188898449,0.19485937721918087,0.3031051187705866,0.14848411784058865,0.3498281199391011,0.02777501375423742,0.03718744622399713,0.2587794663797152,0.24999999999999994,6.5,6.0,12,True,False,True,True,True,True,True
0.6,argument_binding,relative,25,0.65,0.4,0.25,31.42442855834961,38.58443908691406,0.2278485514945665,0.2052634927174359,0.40084372651411476,-0.15084372651411476,-0.33227700735103305,0.021899658635749608,-0.4810022473444574,0.17931479431622788,0.09108945249488706,0.03718749237135872,-0.1566698867317743,-0.12777777777777782,22.0,22.0,1,False,False,False,False,False,False,False
0.6,argument_binding,relative,26,0.65,0.0,0.65,31.42442855834961,45.07006340026855,0.4342365308753795,0.36063267339796745,0.40084439453975373,0.2491556054602463,0.1948590388377748,0.30310444283074495,0.1484838873257454,0.34982732359474716,0.027774935699156164,0.03718729296897515,0.25877889192858117,0.10833333333333339,6.5,9.0,12,True,False,True,True,True,True,True
0.6,argument_binding,relative,27,0.65,0.15,0.5,31.42442855834961,54.48532981872559,0.7338526846257827,0.5503459177860864,0.400845364321391,0.099154635678609,-0.06522349073129508,0.23999521996894727,-0.18232044536528808,0.38062971672250606,0.07765788070154876,0.037187003517919946,0.10298431371502004,-0.04166666666666663,15.0,14.0,1,False,False,False,False,False,False,False
0.6,full_call,log_ratio,0,0.65,0.0,0.65,31.42442855834961,2544088.5,80957.94234881876,11.301697420562673,0.7300940243700839,-0.08009402437008384,-0.10306309802380201,-0.060205435564033155,-0.1200044879390586,-0.04018356080110907,0.01101114175751705,0.5899610502101643,-0.19533272244291877,0.0,6.5,19.0,12,True,False,False,False,False,False,False
0.6,full_call,log_ratio,1,0.65,0.0,0.65,31.42442855834961,136084.40146484374,4329.529072697665,8.373445001222219,0.639787635723172,0.010212364276828034,-0.012536558616744785,0.04262087143348105,-0.04797530465576223,0.0684000332094183,0.01605375166963216,0.31830413158676035,0.014980821727142102,0.0,6.5,17.0,12,True,False,False,False,False,False,False
0.6,full_call,log_ratio,2,0.65,0.0,0.65,31.42442855834961,3155.0063720703124,99.39980094505214,4.6091602246366605,0.523698270692081,0.12630172930791905,0.09777029894104029,0.16658413390675927,0.06401539918763473,0.1885880594282034,0.01718455635887701,0.1022401292202529,0.1406854253779688,0.0,6.5,12.0,12,True,False,True,True,False,True,False
0.6,full_call,log_ratio,3,0.65,0.2,0.45,31.42442855834961,41.99105682373047,0.3362552240452199,0.28987109283139917,0.390492744952929,0.059507255047070995,-0.11457179755732011,0.20884942280859367,-0.23987913654710918,0.3588936466412512,0.08259954165698287,0.03886024681797559,0.06191321797903132,0.04999999999999993,16.5,15.0,2,False,False,False,False,False,False,False
0.6,full_call,log_ratio,4,0.65,0.05,0.6,31.42442855834961,46.50095825195312,0.47977100571961273,0.39188734993961566,0.39363889441117583,0.20636110558882415,0.10370345658530068,0.2862002197803545,0.036317555924619355,0.3764046552530289,0.046914354353916304,0.038083271184247536,0.2145311536923597,0.04999999999999993,13.0,10.0,1,False,False,True,True,False,True,False
0.6,full_call,log_ratio,5,0.65,0.35,0.30000000000000004,31.42442855834961,41.02241401672363,0.30543070785049453,0.2665330306518886,0.38977300641552404,-0.08977300641552399,-0.28920939800046536,0.09320142040057426,-0.4417949715574238,0.2622489587263758,0.0971214917922026,0.039053456546824836,-0.09342143642342832,-0.10000000000000003,20.5,21.0,2,False,False,False,False,False,False,False
0.6,full_call,log_ratio,6,0.65,0.0,0.65,31.42442855834961,41.64138641357422,0.3251278805676139,0.2815089684169792,0.39023485965168425,0.25976514034831577,0.2026518150864392,0.31691002417475667,0.15326607022296304,0.36626421047366853,0.029382679461172994,0.03892881277342104,0.2702870961077667,0.24999999999999994,6.5,7.0,12,True,False,True,True,True,True,True
0.6,full_call,log_ratio,7,0.65,0.8,-0.15000000000000002,31.42442855834961,33.90263023376465,0.07886226700394738,0.07590702938302,0.38389416016473854,-0.5338941601647386,-0.6640285547786178,-0.39052133262200434,-0.7882485558943582,-0.279539764435119,0.07017538904768918,0.040847174766881725,-0.5566309623651244,-0.34,27.0,27.0,1,False,False,False,False,False,False,False
0.6,full_call,log_ratio,8,0.65,0.65,0.0,31.42442855834961,33.25823287963867,0.05835601172139082,0.05671677184512499,0.3833023386250361,-0.3833023386250361,-0.550195002597234,-0.20992315269285766,-0.6998511624573152,-0.06675351479275704,0.08733458999714781,0.04104902898762618,-0.3997100479708364,-0.19,24.5,24.0,2,False,False,False,False,False,False,False
0.6,full_call,log_ratio,9,0.65,0.0,0.65,31.42442855834961,34.45396385192871,0.09640701303299082,0.09203848184430631,0.3843916491126812,0.2656083508873188,0.20684646673284807,0.3235723433905849,0.15658674645677073,0.3746299553178669,0.030078636870304626,0.04068050638356995,0.2768716289565137,0.2722222222222222,6.5,3.0,12,True,False,True,True,True,True,True
0.6,full_call,log_ratio,10,0.65,0.0,0.65,31.42442855834961,34.34166412353515,0.09283336878405768,0.08877374449270488,0.3842909656339768,0.2657090343660232,0.20732500874110538,0.32436288747455655,0.15678962742675678,0.37462844130528966,0.03005044097972519,0.04071401526902296,0.2769862570654974,0.2722222222222222,6.5,2.0,12,True,False,True,True,True,True,True
0.6,full_call,log_ratio,11,0.65,0.2,0.45,31.42442855834961,39.35587005615234,0.25239731831799084,0.2250595692333839,0.3884939778383921,0.06150602216160789,-0.11668585690721836,0.21832648778812397,-0.252645470524404,0.3756575148476198,0.08667317565287096,0.03941101138833963,0.06402948908513156,0.07222222222222219,16.5,14.0,2,False,False,False,False,False,False,False
0.6,full_call,log_ratio,12,0.65,0.25,0.4,31.42442855834961,32.81797065734863,0.04434582148125488,0.04339068123994892,0.38289136615921093,0.01710863384078909,-0.1819730161319815,0.19350273188572212,-0.33147429161479497,0.36569155929637315,0.09617267411108735,0.041191490748549185,0.017843639971599656,0.21000000000000002,18.0,16.0,1,False,False,False,False,False,False,True
0.6,full_call,log_ratio,13,0.65,0.65,0.0,31.42442855834961,34.61348609924316,0.1014833900629899,0.09665780776662014,0.3845341076791873,-0.3845341076791873,-0.5657039137652488,-0.19210136157111804,-0.7307777401670972,-0.03829047519127732,0.09552727227467656,0.040633286646623815,-0.4008207730442142,-0.3777777777777778,24.5,25.0,2,False,False,False,False,False,False,False
0.6,full_call,log_ratio,14,0.65,0.0,0.65,31.42442855834961,31.66988334655762,0.007810954708444173,0.007780607128327906,0.3817931626125393,0.2682068373874607,0.20918984743399482,0.3271535543931033,0.15821300624957135,0.37820066852535006,0.03034687043959097,0.04158138848593161,0.27984310213233343,0.46,6.5,1.0,12,True,False,True,True,True,True,True
0.6,full_call,log_ratio,15,0.65,0.6,0.050000000000000044,31.42442855834961,32.06176872253418,0.020281678726508767,0.02007874478646096,0.38217243333102424,-0.3321724333310242,-0.506021798998492,-0.1506712906657486,-0.6609888279848702,-0.0033560386771781525,0.0907191650999452,0.0414452198454537,-0.34653463756914193,-0.13999999999999996,23.0,23.0,1,False,False,False,False,False,False,False
0.6,full_call,log_ratio,16,0.65,0.85,-0.19999999999999996,31.42442855834961,39.46157455444336,0.2557610866708424,0.2277418323335851,0.3885766979933829,-0.5885766979933829,-0.7088360974888194,-0.44630405726353817,-0.8356281725928862,-0.34152522339387953,0.06816054149602638,0.039387336879629704,-0.6127097014123275,-0.5777777777777777,28.0,28.0,1,False,False,False,False,False,False,False
0.6,full_call,log_ratio,17,0.65,0.35,0.30000000000000004,31.42442855834961,35.76547546386719,0.13814242946238542,0.12939748557237915,0.3855437891016541,-0.08554378910165406,-0.2671907292451112,0.08574344698634473,-0.413938895066677,0.24285131686336892,0.09060293318834506,0.04030507932187686,-0.08913644040254853,-0.07777777777777778,20.5,20.0,2,False,False,False,False,False,False,False
0.6,full_call,log_ratio,18,0.65,0.0,0.65,31.42442855834961,36.127797317504886,0.14967237193898209,0.13947700781906078,0.38585463841483897,0.26414536158516105,0.20605899892744434,0.3225516995038586,0.15583441542328447,0.37245630774703764,0.029882569016470503,0.04020631571081839,0.2752105644254012,0.2722222222222222,6.5,4.0,12,True,False,True,True,True,True,True
0.6,full_call,log_ratio,19,0.65,0.0,0.65,31.42442855834961,39.387163162231445,0.2533931393246005,0.22585438514147138,0.3885184897123769,0.2614815102876231,0.2036929859432539,0.31886906202927995,0.15418483939394437,0.3687781811813019,0.02960273441269627,0.03940398816092054,0.27220757432358245,0.2722222222222222,6.5,5.0,12,True,False,True,True,True,True,True
0.6,full_call,log_ratio,20,0.65,0.3,0.35000000000000003,31.42442855834961,47.28684692382812,0.5047798510011026,0.4086466090965268,0.3941557447212318,-0.04415574472123179,-0.24697074107219513,0.14423145024041797,-0.4061438988069822,0.3178324093645186,0.0998711245809394,0.03796615042776068,-0.04589832752856393,-0.2,19.0,18.0,1,False,False,False,False,False,False,False
0.6,full_call,log_ratio,21,0.65,0.0,0.65,31.42442855834961,44.37084808349609,0.4119858377410832,0.34499710909233894,0.39219281405084433,0.2578071859491557,0.2010871038292858,0.31446645552325003,0.15204096216142116,0.36357340973689023,0.029180490005366617,0.038426734343804704,0.2681097688102043,0.09999999999999998,6.5,8.0,12,True,False,True,True,True,True,True
0.6,full_call,log_ratio,22,0.65,0.1,0.55,31.42442855834961,45.24434280395508,0.4397825156929849,0.3644920714128537,0.39279403259073026,0.1572059674092698,0.03400925703452461,0.2585800002685106,-0.05420771952083969,0.36861965433937927,0.058328214410328504,0.03828111424943623,0.1634635336152101,0.0,14.0,11.0,1,False,False,True,False,False,True,False
0.6,full_call,log_ratio,23,0.65,0.7,-0.04999999999999993,31.42442855834961,42.32306900024414,0.3468206405617744,0.2977467338197892,0.39073562725748845,-0.4407356272574884,-0.610041590765201,-0.25776634628766354,-0.768121398086055,-0.11334985642892181,0.09032446154771485,0.038796345733948474,-0.45852471045173243,-0.45,26.0,26.0,1,False,False,False,False,False,False,False
0.6,full_call,log_ratio,24,0.65,0.0,0.65,31.42442855834961,40.0853572845459,0.2756113356242731,0.24342554261810098,0.3890603787126489,0.2609396212873511,0.20365434580540656,0.3182494163975207,0.15392810762741543,0.36795113494728676,0.02952406064037839,0.039250429890685765,0.27160003959997747,0.24999999999999994,6.5,6.0,12,True,False,True,True,True,True,True
0.6,full_call,log_ratio,25,0.65,0.4,0.25,31.42442855834961,38.58443908691406,0.2278485514945665,0.2052634927174359,0.38788347303090837,-0.13788347303090837,-0.3199353577253347,0.0356954210102219,-0.4690945762453572,0.1933276301835405,0.09137985588303184,0.03958808976947934,-0.1435670169873396,-0.12777777777777782,22.0,22.0,1,False,False,False,False,False,False,False
0.6,full_call,log_ratio,26,0.65,0.0,0.65,31.42442855834961,45.07006340026855,0.4342365308753795,0.36063267339796745,0.39267500996318166,0.25732499003681836,0.2005376933567096,0.3142061587650645,0.15165493816618006,0.3629950419074567,0.029153956547282155,0.03830962357245475,0.26757571495383004,0.09999999999999998,6.5,9.0,12,True,False,True,True,True,True,True
0.6,full_call,log_ratio,27,0.65,0.15,0.5,31.42442855834961,54.48532981872559,0.7338526846257827,0.5503459177860864,0.39852570707727775,0.10147429292272225,-0.06238640814571982,0.24186722248944756,-0.17893515206419164,0.38188373790963615,0.07736387585579986,0.03709457107753916,0.1053834466758351,-0.050000000000000044,15.0,13.0,1,False,False,True,False,False,False,False
0.6,full_call,relative,0,0.65,0.0,0.65,31.42442855834961,2544088.5,80957.94234881876,11.301697420562673,0.6626911585610721,-0.012691158561072058,-0.03559880711657737,-0.0033403130625761614,-0.04577224372600261,0.020389926603858494,0.009126942803207881,0.9972463703895291,-4.608883675862966,0.0,6.5,18.0,12,True,False,False,False,False,False,False
0.6,full_call,relative,1,0.65,0.0,0.65,31.42442855834961,136084.40146484374,4329.529072697665,8.373445001222219,0.4183661834091572,0.2316338165908428,0.172960102366436,0.28487681107232604,0.12823445331777555,0.33503317986391007,0.02852748238990181,0.035973740539773286,0.24027749692268563,0.0,6.5,11.0,12,True,False,True,True,True,False,False
0.6,full_call,relative,2,0.65,0.0,0.65,31.42442855834961,3155.0063720703124,99.39980094505214,4.6091602246366605,0.4048786768169724,0.2451213231830276,0.19126892071626556,0.2996999444647274,0.14441786220068398,0.3458247841653712,0.027783693427484223,0.03709323186921881,0.2545639217583477,0.0,6.5,10.0,12,True,False,True,True,True,True,False
0.6,full_call,relative,3,0.65,0.2,0.45,31.42442855834961,41.99105682373047,0.3362552240452199,0.28987109283139917,0.40456281880410283,0.04543718119589718,-0.1292422694056247,0.1949676544443823,-0.25404251497531666,0.344916877367111,0.08262528402709007,0.03718738763223463,0.04719213335205208,0.04999999999999993,16.5,16.0,2,False,False,False,False,False,False,False
0.6,full_call,relative,4,0.65,0.05,0.6,31.42442855834961,46.50095825195312,0.47977100571961273,0.39188734993961566,0.40456327639533163,0.19543672360466835,0.09317557458146074,0.2739198244979824,0.02645274058561664,0.36442070662372006,0.04662202403529813,0.037187248977518884,0.20298518418780787,0.04999999999999993,13.0,12.0,1,False,False,True,True,False,True,False
0.6,full_call,relative,5,0.65,0.35,0.30000000000000004,31.42442855834961,41.02241401672363,0.30543070785049453,0.2665330306518886,0.40456272052203185,-0.1045627205220318,-0.3046376795175755,0.07990643900961673,-0.45790964811036344,0.24878420706629983,0.09748704378073898,0.03718741741353574,-0.10860132326183192,-0.10000000000000003,20.5,21.0,2,False,False,False,False,False,False,False
0.6,full_call,relative,6,0.65,0.0,0.65,31.42442855834961,41.64138641357422,0.3251278805676139,0.2815089684169792,0.40456278332525364,0.24543721667474638,0.1915154136822636,0.30021083134871923,0.14458123212190233,0.34629320122759044,0.02782577408769105,0.037187398382953124,0.25491691349130013,0.24999999999999994,6.5,7.0,12,True,False,True,True,True,True,True
0.6,full_call,relative,7,0.65,0.8,-0.15000000000000002,31.42442855834961,33.90263023376465,0.07886226700394738,0.07590702938302,0.4045619981225156,-0.5545619981225156,-0.686061483225641,-0.40721101748910543,-0.8131025677412225,-0.29602142850380875,0.0713303381510664,0.03718763632330497,-0.5759813843735946,-0.34,27.0,27.0,1,False,False,False,False,False,False,False
0.6,full_call,relative,8,0.65,0.65,0.0,31.42442855834961,33.25823287963867,0.05835601172139082,0.05671677184512499,0.4045619327395839,-0.4045619327395839,-0.5736941277695171,-0.2279937504241114,-0.7256552339055975,-0.08346863157357032,0.0885883936280952,0.03718765613719186,-0.42018772953873784,-0.19,24.5,24.0,2,False,False,False,False,False,False,False
0.6,full_call,relative,9,0.65,0.0,0.65,31.42442855834961,34.45396385192871,0.09640701303299082,0.09203848184430631,0.4045620540628575,0.24543794593714252,0.19151598272865336,0.30021287304197253,0.1445815126915933,0.34629437918269174,0.02782589788026423,0.03718761937104138,0.2549177294301199,0.2722222222222222,6.5,3.0,12,True,False,True,True,True,True,True
0.6,full_call,relative,10,0.65,0.0,0.65,31.42442855834961,34.34166412353515,0.09283336878405768,0.08877374449270488,0.404562042668513,0.24543795733148704,0.19151599161970642,0.3002126856195595,0.14458155649728896,0.3462943581656851,0.027825888938098443,0.03718762282399649,0.25491774217877616,0.2722222222222222,6.5,2.0,12,True,False,True,True,True,True,True
0.6,full_call,relative,11,0.65,0.2,0.45,31.42442855834961,39.35587005615234,0.25239731831799084,0.2250595692333839,0.40456255142833636,0.04543744857166365,-0.1327535714347151,0.2024979931981491,-0.2681835133069175,0.3590584104502448,0.08652680426539625,0.03718746865278469,0.047192415026095835,0.07222222222222219,16.5,15.0,2,False,False,False,False,False,False,False
0.6,full_call,relative,12,0.65,0.25,0.4,31.42442855834961,32.81797065734863,0.04434582148125488,0.04339068123994892,0.4045618880689554,-0.004561888068955355,-0.20329605260944478,0.17205871841945672,-0.3525482932563429,0.3434245171184322,0.09600809648790358,0.037187669674421935,-0.0047380864632391995,0.21000000000000002,18.0,17.0,1,False,False,False,False,False,False,True
0.6,full_call,relative,13,0.65,0.65,0.0,31.42442855834961,34.61348609924316,0.1014833900629899,0.09665780776662014,0.40456207024857294,-0.40456207024857294,-0.5866580848221377,-0.20949352981471417,-0.7534131135584914,-0.05571102693865454,0.09624664678486235,0.03718761446611074,-0.420187854172897,-0.3777777777777778,24.5,25.0,2,False,False,False,False,False,False,False
0.6,full_call,relative,14,0.65,0.0,0.65,31.42442855834961,31.66988334655762,0.007810954708444173,0.007780607128327906,0.40456177157978335,0.24543822842021668,0.19151620315133572,0.30021331277438523,0.14458166889312887,0.3462947879473045,0.02782593272084984,0.03718770497622636,0.25491804548897695,0.46,6.5,1.0,12,True,False,True,True,True,True,True
0.6,full_call,relative,15,0.65,0.6,0.050000000000000044,31.42442855834961,32.06176872253418,0.020281678726508767,0.02007874478646096,0.40456181134191865,-0.3545618113419186,-0.5299095783479626,-0.16998766144507763,-0.6884179694002828,-0.020705653283554448,0.09210961623253075,0.03718769292634535,-0.3682564179300575,-0.13999999999999996,23.0,23.0,1,False,False,False,False,False,False,False
0.6,full_call,relative,16,0.65,0.85,-0.19999999999999996,31.42442855834961,39.46157455444336,0.2557610866708424,0.2277418323335851,0.4045625621535045,-0.6045625621535045,-0.7242130960113415,-0.4600030634083037,-0.8529588119628202,-0.3561663123441887,0.06853155974896269,0.03718746540278749,-0.6279130572457909,-0.5777777777777777,28.0,28.0,1,False,False,False,False,False,False,False
0.6,full_call,relative,17,0.65,0.35,0.30000000000000004,31.42442855834961,35.76547546386719,0.13814242946238542,0.12939748557237915,0.40456218713366177,-0.10456218713366172,-0.2882364630841256,0.06879942512053754,-0.4367639264014125,0.22763955213408904,0.09165316851930735,0.037187579045413255,-0.10860078750333613,-0.07777777777777778,20.5,20.0,2,False,False,False,False,False,False,False
0.6,full_call,relative,18,0.65,0.0,0.65,31.42442855834961,36.127797317504886,0.14967237193898209,0.13947700781906078,0.404562223896173,0.245437776103827,0.19151585020703213,0.3002121835285601,0.144581476497755,0.346294075709899,0.02782586100965195,0.03718756790504012,0.2549175394108538,0.2722222222222222,6.5,4.0,12,True,False,True,True,True,True,True
0.6,full_call,relative,19,0.65,0.0,0.65,31.42442855834961,39.387163162231445,0.2533931393246005,0.22585438514147138,0.4045625546034503,0.2454374453965497,0.19151559215480948,0.300211681303936,0.14458128752480914,0.3462936032682903,0.027825821905700866,0.037187467690644495,0.2549171693973024,0.2722222222222222,6.5,5.0,12,True,False,True,True,True,True,True
0.6,full_call,relative,20,0.65,0.3,0.35000000000000003,31.42442855834961,47.28684692382812,0.5047798510011026,0.4086466090965268,0.4045633561344942,-0.054563356134494145,-0.2573432914244846,0.13421102537587123,-0.4162503694940075,0.3071236572250192,0.09978804102517394,0.03718722481642334,-0.056670785370593724,-0.2,19.0,19.0,1,False,False,False,False,False,False,False
0.6,full_call,relative,21,0.65,0.0,0.65,31.42442855834961,44.37084808349609,0.4119858377410832,0.34499710909233894,0.4045630602664993,0.24543693973350073,0.19151519758389232,0.3002103690956319,0.14458110552002246,0.346292773946979,0.027825732609644428,0.03718731446590197,0.2549166036354727,0.09999999999999998,6.5,8.0,12,True,False,True,True,True,True,True
0.6,full_call,relative,22,0.65,0.1,0.55,31.42442855834961,45.24434280395508,0.4397825156929849,0.3644920714128537,0.4045631488944946,0.14543685110550547,0.021488724554466,0.24661209143611335,-0.06616312265817431,0.35703682486918525,0.05837961022357073,0.03718728761089099,0.15105414504199943,0.0,14.0,13.0,1,False,False,True,False,False,True,False
0.6,full_call,relative,23,0.65,0.7,-0.04999999999999993,31.42442855834961,42.32306900024414,0.3468206405617744,0.2977467338197892,0.40456285249128254,-0.4545628524912825,-0.6240506282593858,-0.2712327876815675,-0.7835735019602956,-0.12555220302226927,0.09077275924833661,0.03718737742445997,-0.4721197477400319,-0.45,26.0,26.0,1,False,False,False,False,False,False,False
0.6,full_call,relative,24,0.65,0.0,0.65,31.42442855834961,40.0853572845459,0.2756113356242731,0.24342554261810098,0.4045626254448005,0.24543737455519954,0.19151553687701817,0.30021123473465944,0.14458130793903984,0.34629344117135924,0.027825796728640835,0.03718744622399713,0.254917090136218,0.24999999999999994,6.5,6.0,12,True,False,True,True,True,True,True
0.6,full_call,relative,25,0.65,0.4,0.25,31.42442855834961,38.58443908691406,0.2278485514945665,0.2052634927174359,0.4045624731561056,-0.1545624731561056,-0.3384630174297801,0.020595413255317347,-0.4889801651835515,0.17985521887134026,0.09226454127178854,0.03718749237135872,-0.1605322655568583,-0.12777777777777782,22.0,22.0,1,False,False,False,False,False,False,False
0.6,full_call,relative,26,0.65,0.0,0.65,31.42442855834961,45.07006340026855,0.4342365308753795,0.36063267339796745,0.40456313121146364,0.24543686878853638,0.19151514222525046,0.3002101257106669,0.1445810846313652,0.34629265294570755,0.027825718799303883,0.03718729296897515,0.2549165242587805,0.09999999999999998,6.5,9.0,12,True,False,True,True,True,True,True
0.6,full_call,relative,27,0.65,0.15,0.5,31.42442855834961,54.48532981872559,0.7338526846257827,0.5503459177860864,0.40456408651911246,0.09543591348088754,-0.06872897434366187,0.2359026285434669,-0.18472865836022562,0.3756004853220007,0.07729631630675175,0.037187003517919946,0.09912196223938674,-0.050000000000000044,15.0,14.0,1,False,False,False,False,False,False,False
